,Total,PRCP,SNOW,SNWD,TMAX,TMIN,AWND,WDF2,WSF2
2012-10-03,3521.0,0,0,0,189,78,73,10,103
2012-10-04,3475.0,0,0,0,189,83,65,20,94
2012-10-05,3148.0,0,0,0,217,89,57,360,80
2012-10-06,2006.0,0,0,0,239,78,51,20,76
2012-10-07,2142.0,0,0,0,239,78,13,30,54
2012-10-08,3537.0,0,0,0,211,78,19,210,40
2012-10-09,3501.0,0,0,0,161,89,16,170,40
2012-10-10,3235.0,0,0,0,122,83,14,40,40
2012-10-11,3047.0,0,0,0,139,72,13,270,40
2012-10-12,2011.0,20,0,0,139,89,46,220,72
2012-10-13,766.0,48,0,0,156,122,39,190,67
2012-10-14,698.0,165,0,0,178,133,34,160,76
2012-10-15,2273.0,79,0,0,172,111,46,210,112
2012-10-16,3036.0,0,0,0,161,83,55,200,130
2012-10-17,3243.0,0,0,0,144,61,16,280,40
2012-10-18,2923.0,208,0,0,178,67,20,240,63
2012-10-19,1977.0,48,0,0,150,94,53,170,98
2012-10-20,1068.0,5,0,0,111,61,57,290,125
2012-10-21,989.0,64,0,0,117,44,27,160,103
2012-10-22,2129.0,89,0,0,78,33,26,20,63
2012-10-23,2500.0,0,0,0,111,56,30,210,72
2012-10-24,2429.0,71,0,0,117,61,21,260,54
2012-10-25,2713.0,0,0,0,117,67,15,110,45
2012-10-26,2073.0,15,0,0,111,72,25,210,76
2012-10-27,531.0,231,0,0,144,94,51,190,89
2012-10-28,1062.0,61,0,0,144,100,38,210,103
2012-10-29,2217.0,109,0,0,156,100,49,200,116
2012-10-30,1735.0,345,0,0,150,122,28,160,63
2012-10-31,1710.0,145,0,0,156,111,27,170,63
2012-11-01,2091.0,97,0,0,150,106,30,160,80
2012-11-02,2478.0,56,0,0,150,106,10,120,36
2012-11-03,952.0,5,0,0,156,111,36,200,76
2012-11-04,1011.0,81,0,0,178,128,38,200,76
2012-11-05,2810.0,8,0,0,150,78,40,40,80
2012-11-06,2493.0,3,0,0,128,67,35,190,98
2012-11-07,2719.0,0,0,0,122,39,34,200,80
2012-11-08,2691.0,0,0,0,100,11,34,360,89
2012-11-09,2406.0,0,0,0,89,11,20,10,63
2012-11-10,1269.0,0,0,0,78,-6,22,360,54
2012-11-11,628.0,152,0,0,89,11,30,110,63
2012-11-12,1631.0,36,0,0,128,61,30,230,63
2012-11-13,2087.0,53,0,0,111,78,25,160,58
2012-11-14,2600.0,8,0,0,111,50,26,220,58
2012-11-15,2520.0,0,0,0,94,28,24,10,58
2012-11-16,2006.0,56,0,0,94,22,16,110,63
2012-11-17,640.0,61,0,0,122,61,53,190,107
2012-11-18,392.0,79,0,0,100,61,49,170,112
2012-11-19,967.0,541,0,0,133,83,60,160,125
2012-11-20,1741.0,38,0,0,111,72,42,230,139
2012-11-21,1370.0,112,0,0,83,39,55,190,148
2012-11-22,554.0,0,0,0,89,28,15,120,45
2012-11-23,355.0,320,0,0,94,61,24,210,67
2012-11-24,845.0,0,0,0,89,39,12,230,54
2012-11-25,1018.0,0,0,0,83,11,36,10,76
2012-11-26,2358.0,0,0,0,94,17,38,20,72
2012-11-27,2547.0,0,0,0,100,17,15,130,54
2012-11-28,2034.0,28,0,0,94,22,29,110,67
2012-11-29,1844.0,15,0,0,128,78,42,120,76
2012-11-30,1590.0,356,0,0,150,78,46,180,103
2012-12-01,634.0,41,0,0,133,83,55,200,112
2012-12-02,527.0,196,0,0,83,72,62,170,116
2012-12-03,1868.0,130,0,0,94,72,44,220,94
2012-12-04,2011.0,142,0,0,117,72,62,210,112
2012-12-05,2300.0,15,0,0,89,44,50,210,98
2012-12-06,1879.0,15,0,0,72,61,51,190,94
2012-12-07,1816.0,10,0,0,78,33,46,200,103
2012-12-08,874.0,0,0,0,67,33,20,220,54
2012-12-09,422.0,15,0,0,67,28,21,30,40
2012-12-10,2162.0,5,0,0,72,56,18,200,58
2012-12-11,1945.0,30,0,0,78,56,45,170,89
2012-12-12,1848.0,81,0,0,67,44,20,200,58
2012-12-13,2013.0,23,0,0,72,33,28,150,58
2012-12-14,1709.0,79,0,0,61,11,17,140,54
2012-12-15,463.0,53,0,0,44,6,51,160,98
2012-12-16,351.0,226,0,0,67,33,55,160,103
2012-12-17,1492.0,20,0,0,83,17,95,220,170
2012-12-18,1702.0,33,15,25,39,6,53,200,89
2012-12-19,1020.0,137,0,0,83,17,58,180,125
2012-12-20,1077.0,132,0,0,72,6,37,190,98
2012-12-21,1232.0,18,0,0,83,-17,17,120,63
2012-12-22,493.0,33,0,0,83,39,35,200,112
2012-12-23,441.0,66,0,0,72,33,25,80,58
2012-12-24,574.0,3,0,0,56,28,28,200,63
2012-12-25,98.0,135,0,0,56,28,42,120,89
2012-12-26,845.0,46,0,0,67,33,49,180,94
2012-12-27,1148.0,41,0,0,78,33,32,210,76
2012-12-28,1257.0,0,0,0,83,39,17,110,40
2012-12-29,487.0,15,0,0,50,33,17,110,40
2012-12-30,695.0,0,0,0,44,0,18,80,40
2012-12-31,986.0,0,0,0,33,-11,20,20,67
2013-01-01,678.0,0,0,0,50,-28,27,10,63
2013-01-02,1835.0,0,0,0,61,-11,32,120,76
2013-01-03,1803.0,41,0,0,67,-17,30,120,72
2013-01-04,1712.0,25,0,0,100,22,28,210,63
2013-01-05,719.0,30,0,0,67,44,31,110,94
2013-01-06,706.0,20,0,0,72,28,30,200,72
2013-01-07,1893.0,23,0,0,100,44,73,210,134
2013-01-08,1578.0,163,0,0,117,56,63,200,139
2013-01-09,1347.0,384,0,0,100,17,51,210,98
2013-01-10,1810.0,3,0,0,33,-6,21,180,45
2013-01-11,1570.0,0,0,0,28,-28,19,360,45
2013-01-12,677.0,0,0,0,28,-39,20,10,54
2013-01-13,559.0,0,0,0,22,-44,15,130,36
2013-01-14,1869.0,0,0,0,33,-22,13,230,31
2013-01-15,2066.0,0,0,0,67,-6,23,20,54
2013-01-16,1950.0,0,0,0,61,-39,18,360,45
2013-01-17,1777.0,0,0,0,39,-28,10,60,31
2013-01-18,1585.0,0,0,0,33,-11,13,30,40
2013-01-19,760.0,0,0,0,11,-6,19,30,45
2013-01-20,801.0,0,0,0,33,-6,21,20,40
2013-01-21,1276.0,0,0,0,22,-17,11,130,40
2013-01-22,1965.0,0,0,0,33,-17,6,150,31
2013-01-23,1767.0,51,0,0,72,22,31,200,80
2013-01-24,1955.0,58,0,0,72,11,26,190,67
2013-01-25,1861.0,30,0,0,106,28,21,220,45
2013-01-26,544.0,23,0,0,83,39,45,210,94
2013-01-27,643.0,18,0,0,56,39,45,200,80
2013-01-28,1708.0,79,0,0,61,33,32,210,63
2013-01-29,1789.0,43,0,0,83,50,39,220,94
2013-01-30,1760.0,36,0,0,89,67,39,190,72
2013-01-31,1921.0,30,0,0,94,72,40,200,76
2013-02-01,2108.0,3,0,0,117,50,29,10,72
2013-02-02,1133.0,0,0,0,61,28,20,10,67
2013-02-03,868.0,23,0,0,89,28,29,210,54
2013-02-04,2288.0,0,0,0,106,67,26,130,58
2013-02-05,2012.0,33,0,0,100,67,51,200,98
2013-02-06,1995.0,10,0,0,106,61,45,190,80
2013-02-07,2187.0,13,0,0,94,33,41,240,94
2013-02-08,2161.0,0,0,0,78,22,13,30,58
2013-02-09,1114.0,3,0,0,83,44,13,340,36
2013-02-10,1312.0,0,0,0,89,17,20,330,45
2013-02-11,2145.0,3,0,0,83,44,14,130,36
2013-02-12,2105.0,10,0,0,111,72,56,200,112
2013-02-13,2066.0,23,0,0,94,72,41,110,130
2013-02-14,1884.0,10,0,0,94,56,22,150,76
2013-02-15,2304.0,0,0,0,133,50,24,350,40
2013-02-16,1017.0,0,0,0,111,39,56,210,107
2013-02-17,869.0,0,0,0,94,44,34,200,67
2013-02-18,1481.0,0,0,0,78,39,19,210,45
2013-02-19,2586.0,0,0,0,106,17,34,350,76
2013-02-20,2217.0,15,0,0,78,11,21,200,63
2013-02-21,1891.0,5,0,0,67,39,62,210,107
2013-02-22,1360.0,94,0,0,78,39,81,220,134
2013-02-23,1126.0,3,0,0,100,39,46,220,98
2013-02-24,1122.0,0,0,0,89,50,55,180,116
2013-02-25,2086.0,23,0,0,106,33,71,220,130
2013-02-26,2497.0,5,0,0,89,39,38,190,67
2013-02-27,2334.0,46,0,0,100,44,18,210,76
2013-02-28,1759.0,81,0,0,117,67,38,200,67
2013-03-01,1845.0,41,0,0,150,111,54,200,89
2013-03-02,1233.0,8,0,0,139,50,45,200,80
2013-03-03,1690.0,0,0,0,111,22,28,20,58
2013-03-04,2791.0,0,0,0,133,0,39,80,72
2013-03-05,2398.0,0,0,0,94,61,24,10,63
2013-03-06,2041.0,119,0,0,72,50,41,20,80
2013-03-07,2150.0,74,0,0,122,50,25,210,58
2013-03-08,2739.0,0,0,0,117,22,26,350,67
2013-03-09,2430.0,0,0,0,128,11,13,210,45
2013-03-10,1046.0,8,0,0,78,39,16,140,36
2013-03-11,2250.0,13,0,0,106,61,11,150,45
2013-03-12,1980.0,20,0,0,128,100,57,190,94
2013-03-13,1894.0,23,0,0,117,94,37,190,94
2013-03-14,2202.0,28,0,0,117,94,30,220,63
2013-03-15,2355.0,0,0,0,144,89,43,220,72
2013-03-16,1063.0,43,0,0,106,44,64,220,125
2013-03-17,1295.0,0,0,0,89,39,61,210,107
2013-03-18,2381.0,0,0,0,117,39,59,200,107
2013-03-19,2312.0,117,0,0,128,17,34,90,76
2013-03-20,1507.0,99,0,0,111,44,76,210,139
2013-03-21,1924.0,81,0,0,100,22,49,30,112
2013-03-22,1862.0,0,0,0,94,6,22,170,54
2013-03-23,1752.0,0,0,0,100,11,26,20,40
2013-03-24,1385.0,0,0,0,122,6,21,50,40
2013-03-25,3159.0,0,0,0,167,44,28,20,63
2013-03-26,3015.0,0,0,0,167,61,17,10,45
2013-03-27,2617.0,3,0,0,133,72,16,20,45
2013-03-28,2706.0,20,0,0,161,83,13,200,45
2013-03-29,3207.0,0,0,0,183,78,25,10,45
2013-03-30,2497.0,0,0,0,200,56,44,20,80
2013-03-31,2363.0,0,0,0,206,67,29,10,58
2013-04-01,3248.0,0,0,0,172,83,36,210,76
2013-04-02,3287.0,0,0,0,139,89,22,200,45
2013-04-03,3486.0,0,0,0,167,78,16,350,40
2013-04-04,2007.0,84,0,0,144,100,30,190,81
2013-04-05,1842.0,185,0,0,139,100,56,110,130
2013-04-06,789.0,127,0,0,122,72,50,180,98
2013-04-07,577.0,391,0,0,83,50,39,10,89
2013-04-08,2689.0,8,0,0,133,61,31,230,58
2013-04-09,2900.0,0,0,0,122,61,24,220,40
2013-04-10,2113.0,94,0,0,150,89,64,210,112
2013-04-11,2499.0,15,0,0,122,67,38,20,67
2013-04-12,2045.0,97,0,0,78,44,46,210,130
2013-04-13,846.0,94,-9999,0,106,33,57,200,112
2013-04-14,1464.0,58,0,0,128,44,23,10,58
2013-04-15,2687.0,0,0,0,139,44,24,20,157
2013-04-16,3076.0,3,-9999,0,139,33,26,20,125
2013-04-17,2939.0,0,0,0,150,39,33,230,67
2013-04-18,1972.0,53,0,0,117,67,40,190,72
2013-04-19,1385.0,206,0,0,133,94,49,180,76
2013-04-20,1032.0,0,0,0,139,83,58,230,98
2013-04-21,968.0,33,0,0,122,67,41,350,76
2013-04-22,3633.0,0,0,0,161,50,43,340,76
2013-04-23,3942.0,0,0,0,178,39,28,350,89
2013-04-24,4450.0,0,0,0,211,61,30,320,58
2013-04-25,4166.0,0,0,0,217,67,11,270,36
2013-04-26,3457.0,0,0,0,206,83,22,210,63
2013-04-27,1214.0,0,0,0,139,106,59,210,103
2013-04-28,1190.0,10,0,0,150,94,52,220,98
2013-04-29,2693.0,38,0,0,139,67,42,210,103
2013-04-30,3402.0,0,0,0,128,44,24,20,54
2013-05-01,5017.0,0,0,0,183,33,31,350,58
2013-05-02,4877.0,0,0,0,206,67,40,350,94
2013-05-03,4520.0,0,0,0,217,94,49,20,81
2013-05-04,2912.0,0,0,0,250,111,65,360,125
2013-05-05,3003.0,0,0,0,289,117,53,360,89
2013-05-06,5066.0,0,0,0,306,122,20,330,67
2013-05-07,5103.0,0,0,0,206,111,33,200,58
2013-05-08,4972.0,0,0,0,194,111,19,220,45
2013-05-09,4663.0,0,0,0,228,100,13,360,45
2013-05-10,4866.0,0,0,0,261,94,10,280,36
2013-05-11,2481.0,0,0,0,272,122,26,220,58
2013-05-12,1263.0,66,0,0,217,139,39,240,67
2013-05-13,3367.0,33,0,0,189,94,50,250,125
2013-05-14,4575.0,0,0,0,183,78,24,220,54
2013-05-15,3896.0,10,0,0,172,89,23,210,67
2013-05-16,4274.0,0,0,0,217,122,27,220,76
2013-05-17,4783.0,5,0,0,172,117,37,200,76
2013-05-18,1814.0,0,0,0,167,111,29,220,67
2013-05-19,2136.0,0,0,0,183,106,23,40,67
2013-05-20,4649.0,0,0,0,194,94,18,30,58
2013-05-21,2481.0,137,0,0,156,83,48,210,89
2013-05-22,2860.0,137,0,0,111,72,30,210,67
2013-05-23,3023.0,41,0,0,122,67,19,190,72
2013-05-24,3373.0,3,0,0,167,89,27,200,63
2013-05-25,1766.0,0,0,0,178,100,27,250,54
2013-05-26,1191.0,15,0,0,183,106,22,240,54
2013-05-27,769.0,97,0,0,167,111,31,140,63
2013-05-28,3359.0,5,0,0,172,117,28,260,72
2013-05-29,3137.0,56,0,0,161,94,40,220,94
2013-05-30,3963.0,0,0,0,167,94,53,220,94
2013-05-31,4415.0,0,0,0,194,111,25,360,45
2013-06-01,2240.0,0,0,0,228,122,25,340,72
2013-06-02,2676.0,10,0,0,206,122,31,330,67
2013-06-03,4292.0,0,0,0,222,111,29,360,45
2013-06-04,5121.0,0,0,0,261,122,34,30,72
2013-06-05,5038.0,0,0,0,267,144,31,30,58
2013-06-06,4639.0,0,0,0,267,122,25,10,67
2013-06-07,3676.0,0,0,0,217,133,32,220,76
2013-06-08,2179.0,0,0,0,206,128,31,30,72
2013-06-09,2081.0,0,0,0,206,111,37,10,72
2013-06-10,4369.0,0,0,0,217,117,32,240,67
2013-06-11,3678.0,0,0,0,200,100,57,210,98
2013-06-12,4005.0,3,0,0,206,117,42,210,76
2013-06-13,3915.0,0,0,0,211,117,26,210,67
2013-06-14,3322.0,0,0,0,200,122,37,200,72
2013-06-15,2556.0,0,0,0,256,100,29,300,63
2013-06-16,2302.0,0,0,0,239,128,34,240,63
2013-06-17,4252.0,0,0,0,256,139,30,220,94
2013-06-18,4526.0,3,0,0,233,133,34,230,81
2013-06-19,3655.0,0,0,0,200,128,37,230,67
2013-06-20,2471.0,30,0,0,172,128,50,210,89
2013-06-21,3010.0,3,0,0,206,122,15,50,45
2013-06-22,3143.0,0,0,0,256,117,17,280,45
2013-06-23,1644.0,79,0,0,222,150,21,200,54
2013-06-24,2432.0,48,0,0,211,139,37,220,72
2013-06-25,2649.0,99,0,0,233,144,28,200,134
2013-06-26,2904.0,20,0,0,222,150,23,260,67
2013-06-27,2928.0,36,0,0,211,167,13,90,40
2013-06-28,4099.0,0,0,0,306,161,22,210,54
2013-06-29,2732.0,0,0,0,300,183,17,10,58
2013-06-30,2746.0,0,0,0,339,172,25,300,54
2013-07-01,4207.0,0,0,0,317,183,23,30,54
2013-07-02,4696.0,0,0,0,283,156,30,30,81
2013-07-03,4255.0,0,0,0,261,167,32,30,89
2013-07-04,3749.0,0,0,0,217,139,22,250,40
2013-07-05,3088.0,0,0,0,233,139,26,230,54
2013-07-06,2922.0,0,0,0,261,133,22,320,58
2013-07-07,2595.0,0,0,0,239,139,29,210,45
2013-07-08,4347.0,0,0,0,267,133,28,210,54
2013-07-09,4816.0,0,0,0,300,150,25,20,63
2013-07-10,4607.0,0,0,0,222,139,26,210,58
2013-07-11,4100.0,0,0,0,228,122,30,20,72
2013-07-12,3696.0,0,0,0,194,133,22,30,63
2013-07-13,2698.0,0,0,0,261,111,31,20,67
2013-07-14,2640.0,0,0,0,278,128,30,30,81
2013-07-15,4418.0,0,0,0,278,144,46,350,76
2013-07-16,4593.0,0,0,0,311,183,41,10,76
2013-07-17,4171.0,0,0,0,222,150,37,210,72
2013-07-18,4386.0,0,0,0,261,139,20,320,58
2013-07-19,3915.0,0,0,0,278,133,19,10,54
2013-07-20,2511.0,0,0,0,250,133,20,270,36
2013-07-21,2425.0,0,0,0,239,128,23,200,54
2013-07-22,4174.0,0,0,0,261,133,24,140,76
2013-07-23,4604.0,0,0,0,311,139,30,350,76
2013-07-24,4694.0,0,0,0,311,144,25,10,63
2013-07-25,4473.0,0,0,0,311,128,23,10,54
2013-07-26,3963.0,0,0,0,311,144,29,40,98
2013-07-27,2501.0,0,0,0,256,128,26,310,54
2013-07-28,1980.0,0,0,0,211,122,34,230,67
2013-07-29,4088.0,0,0,0,250,133,14,330,45
2013-07-30,4540.0,0,0,0,250,133,28,240,45
2013-07-31,4122.0,0,0,0,217,133,18,200,40
2013-08-01,3719.0,0,0,0,206,133,39,220,67
2013-08-02,2579.0,20,0,0,172,150,20,220,45
2013-08-03,2257.0,0,0,0,250,156,24,10,54
2013-08-04,2466.0,0,0,0,289,150,34,340,67
2013-08-05,4312.0,0,0,0,300,150,21,280,45
2013-08-06,4602.0,0,0,0,306,139,14,270,36
2013-08-07,4556.0,0,0,0,311,139,19,310,58
2013-08-08,4275.0,0,0,0,283,144,25,20,54
2013-08-09,3833.0,0,0,0,283,144,21,190,63
2013-08-10,1897.0,23,0,0,256,150,29,190,67
2013-08-11,2315.0,0,0,0,250,144,29,250,58
2013-08-12,4028.0,0,0,0,256,161,19,240,54
2013-08-13,4469.0,0,0,0,278,150,18,350,40
2013-08-14,4171.0,8,0,0,272,150,20,260,63
2013-08-15,3334.0,18,0,0,211,172,10,200,31
2013-08-16,3819.0,0,0,0,289,161,22,240,45
2013-08-17,2219.0,0,0,0,256,172,30,220,67
2013-08-18,2301.0,0,0,0,261,156,31,240,63
2013-08-19,4117.0,0,0,0,267,156,30,350,76
2013-08-20,4524.0,0,0,0,256,161,46,20,72
2013-08-21,4392.0,0,0,0,278,150,43,350,63
2013-08-22,4170.0,0,0,0,289,150,19,300,54
2013-08-23,3446.0,0,0,0,250,161,41,210,76
2013-08-24,2030.0,0,0,0,250,167,27,210,54
2013-08-25,2059.0,3,0,0,222,161,26,30,54
2013-08-26,3240.0,10,0,0,244,161,19,250,72
2013-08-27,3892.0,13,0,0,267,172,14,310,58
2013-08-28,3484.0,56,0,0,267,156,13,120,54
2013-08-29,2375.0,193,0,0,239,183,30,160,81
2013-08-30,3376.0,0,0,0,261,161,29,350,58
2013-08-31,2292.0,0,0,0,278,139,26,290,58
2013-09-01,2288.0,0,0,0,278,156,25,200,54
2013-09-02,2325.0,0,0,0,278,172,21,240,54
2013-09-03,2931.0,23,0,0,250,167,17,270,36
2013-09-04,3830.0,3,0,0,228,161,24,10,67
2013-09-05,2248.0,277,0,0,200,156,25,190,63
2013-09-06,2223.0,213,0,0,217,161,26,210,63
2013-09-07,1880.0,0,0,0,233,172,20,30,54
2013-09-08,2331.0,0,0,0,267,144,15,10,45
2013-09-09,3893.0,0,0,0,261,139,21,10,45
2013-09-10,4245.0,0,0,0,267,150,37,350,63
2013-09-11,4411.0,0,0,0,339,161,24,360,54
2013-09-12,4045.0,0,0,0,256,150,17,210,40
2013-09-13,3232.0,0,0,0,189,156,20,220,40
2013-09-14,1832.0,0,0,0,217,156,14,310,31
2013-09-15,1024.0,33,0,0,189,144,22,200,58
2013-09-16,3065.0,3,0,0,217,150,43,30,72
2013-09-17,3284.0,0,0,0,178,139,23,40,58
2013-09-18,3909.0,0,0,0,211,133,25,250,45
2013-09-19,4118.0,0,0,0,256,100,15,290,40
2013-09-20,3334.0,36,0,0,233,133,30,250,89
2013-09-21,1932.0,0,0,0,211,133,25,200,45
2013-09-22,796.0,135,0,0,172,133,55,180,98
2013-09-23,2257.0,28,0,0,161,111,45,190,81
2013-09-24,3206.0,0,0,0,178,100,26,160,58
2013-09-25,3102.0,20,0,0,161,94,30,350,67
2013-09-26,3613.0,0,0,0,172,72,22,300,45
2013-09-27,2149.0,10,0,0,139,106,43,200,81
2013-09-28,477.0,434,0,0,167,117,60,170,112
2013-09-29,490.0,168,0,0,144,111,71,220,125
2013-09-30,2259.0,185,0,0,139,100,63,190,112
2013-10-01,2730.0,79,0,0,144,89,47,180,89
2013-10-02,2412.0,53,0,0,128,94,24,190,72
2013-10-03,3251.0,8,0,0,144,89,9,300,31
2013-10-04,3214.0,0,0,0,178,56,11,270,40
2013-10-05,2153.0,0,0,0,200,83,16,340,36
2013-10-06,2170.0,41,0,0,228,78,26,240,94
2013-10-07,2940.0,5,0,0,161,117,63,200,98
2013-10-08,2890.0,69,0,0,139,78,30,10,94
2013-10-09,3587.0,0,0,0,150,56,16,280,36
2013-10-10,3172.0,10,0,0,144,83,17,220,40
2013-10-11,2334.0,91,0,0,139,106,10,210,36
2013-10-12,1274.0,10,0,0,144,89,22,350,67
2013-10-13,1515.0,0,0,0,150,67,18,50,54
2013-10-14,3405.0,0,0,0,156,39,16,30,45
2013-10-15,3464.0,0,0,0,156,50,9,270,36
2013-10-16,3340.0,0,0,0,128,89,27,10,67
2013-10-17,3251.0,0,0,0,144,89,17,20,31
2013-10-18,2950.0,0,0,0,128,72,12,10,40
2013-10-19,1134.0,0,0,0,106,78,14,30,31
2013-10-20,1112.0,0,0,0,106,78,24,10,40
2013-10-21,3006.0,0,0,0,117,83,25,30,40
2013-10-22,3162.0,0,0,0,144,72,19,30,40
2013-10-23,3084.0,0,0,0,128,61,4,30,27
2013-10-24,3015.0,0,0,0,100,61,6,170,31
2013-10-25,2435.0,0,0,0,122,78,18,40,45
2013-10-26,1367.0,0,0,0,117,83,27,30,63
2013-10-27,778.0,18,0,0,139,83,44,10,107
2013-10-28,3328.0,0,0,0,144,72,51,10,103
2013-10-29,3352.0,0,0,0,133,33,22,130,45
2013-10-30,2954.0,5,0,0,150,56,39,220,94
2013-10-31,2573.0,3,0,0,144,106,22,210,63
2013-11-01,2812.0,13,0,0,178,117,14,160,54
2013-11-02,670.0,127,0,0,144,83,79,220,192
2013-11-03,1321.0,5,0,0,122,44,24,10,63
2013-11-04,3058.0,0,0,0,106,39,16,110,54
2013-11-05,2789.0,25,0,0,133,72,31,200,94
2013-11-06,2918.0,38,0,0,128,78,17,140,58
2013-11-07,1709.0,300,0,0,111,100,72,200,125
2013-11-08,2632.0,0,0,0,133,72,41,220,103
2013-11-09,1193.0,18,0,0,111,50,14,360,40
2013-11-10,990.0,0,0,0,111,83,44,360,67
2013-11-11,2661.0,0,0,0,161,61,26,120,72
2013-11-12,2416.0,41,0,0,156,89,22,210,67
2013-11-13,3067.0,0,0,0,139,106,38,220,72
2013-11-14,2591.0,13,0,0,111,61,11,210,36
2013-11-15,2063.0,30,0,0,106,72,60,180,125
2013-11-16,1121.0,0,0,0,100,50,46,210,103
2013-11-17,966.0,53,0,0,117,72,54,200,98
2013-11-18,2112.0,262,0,0,128,94,39,160,89
2013-11-19,2309.0,10,0,0,133,44,51,360,94
2013-11-20,2834.0,0,0,0,78,17,43,10,81
2013-11-21,2505.0,0,0,0,78,-5,36,30,72
2013-11-22,2330.0,0,0,0,94,0,46,10,72
2013-11-23,1210.0,0,0,0,111,11,26,20,54
2013-11-24,1141.0,0,0,0,117,6,9,20,36
2013-11-25,2609.0,0,0,0,122,22,5,160,27
2013-11-26,2541.0,0,0,0,122,28,10,130,40
2013-11-27,2251.0,0,0,0,144,56,13,30,40
2013-11-28,582.0,0,0,0,117,33,7,120,36
2013-11-29,1004.0,5,0,0,94,50,21,140,45
2013-11-30,865.0,23,0,0,111,72,39,220,76
2013-12-01,681.0,30,0,0,133,78,88,220,134
2013-12-02,2283.0,46,0,0,78,17,35,220,112
2013-12-03,2211.0,0,0,0,50,-5,56,20,112
2013-12-04,2078.0,0,0,0,44,-21,16,120,36
2013-12-05,1938.0,0,0,0,11,-49,26,110,58
2013-12-06,1694.0,0,0,0,11,-43,47,40,89
2013-12-07,591.0,0,0,0,0,-71,31,350,54
2013-12-08,473.0,0,0,0,22,-66,22,10,40
2013-12-09,1793.0,0,0,0,11,-49,13,140,40
2013-12-10,1870.0,0,0,0,56,6,15,160,36
2013-12-11,2136.0,0,0,0,50,-16,8,130,31
2013-12-12,1934.0,69,0,0,56,-5,23,180,63
2013-12-13,1769.0,5,0,0,94,56,29,120,58
2013-12-14,884.0,0,0,0,94,61,37,210,81
2013-12-15,755.0,13,0,0,117,83,39,210,76
2013-12-16,2500.0,3,0,0,100,44,10,140,31
2013-12-17,2232.0,0,0,0,83,44,27,220,76
2013-12-18,2171.0,13,0,0,78,22,28,20,72
2013-12-19,2075.0,0,0,0,50,0,21,330,67
2013-12-20,739.0,56,28,0,83,6,37,210,130
2013-12-21,520.0,56,0,0,89,56,23,200,58
2013-12-22,400.0,107,0,0,106,83,40,190,72
2013-12-23,1417.0,15,0,0,117,61,59,230,130
2013-12-24,1082.0,0,0,0,83,28,17,20,40
2013-12-25,371.0,0,0,0,67,17,8,150,36
2013-12-26,1190.0,0,0,0,67,6,5,150,36
2013-12-27,1066.0,3,0,0,89,0,21,210,103
2013-12-28,875.0,0,0,0,94,33,13,30,31
2013-12-29,684.0,0,0,0,72,17,11,150,31
2013-12-30,1722.0,3,0,0,89,44,26,100,98
2013-12-31,1419.0,5,0,0,83,50,17,180,54
2014-01-01,914.0,0,0,0,72,33,12,340,36
2014-01-02,1865.0,41,0,0,106,61,32,190,94
2014-01-03,2027.0,15,0,0,89,28,26,30,63
2014-01-04,1172.0,0,0,0,78,6,27,40,45
2014-01-05,1151.0,0,0,0,83,-5,37,10,67
2014-01-06,2304.0,3,0,0,78,-5,26,210,112
2014-01-07,2082.0,122,0,0,83,50,16,160,45
2014-01-08,1948.0,97,0,0,100,72,46,180,107
2014-01-09,2120.0,58,0,0,94,56,63,210,143
2014-01-10,1780.0,43,0,0,128,83,70,200,134
2014-01-11,423.0,213,0,0,144,72,88,210,183
2014-01-12,655.0,15,0,0,111,56,81,200,134
2014-01-13,2530.0,0,0,0,106,100,71,200,148
2014-01-14,2808.0,0,0,0,111,72,13,180,58
2014-01-15,2772.0,0,0,0,111,56,25,20,58
2014-01-16,2641.0,0,0,0,67,44,27,30,63
2014-01-17,2310.0,0,0,0,56,28,23,30,45
2014-01-18,1135.0,0,0,0,94,6,22,120,63
2014-01-19,822.0,0,0,0,61,33,25,30,40
2014-01-20,1874.0,0,0,0,100,28,22,20,54
2014-01-21,2680.0,0,0,0,100,17,15,240,72
2014-01-22,2692.0,5,0,0,94,56,26,40,72
2014-01-23,2649.0,0,0,0,100,28,52,20,103
2014-01-24,2521.0,0,0,0,128,11,19,10,45
2014-01-25,1441.0,0,0,0,122,11,8,110,45
2014-01-26,1429.0,0,0,0,83,6,13,270,36
2014-01-27,2499.0,0,0,0,94,17,13,130,40
2014-01-28,2466.0,89,0,0,111,61,16,40,40
2014-01-29,1899.0,216,0,0,111,72,34,210,89
2014-01-30,2229.0,0,0,0,83,61,64,210,103
2014-01-31,2035.0,23,0,0,78,56,26,200,67
2014-02-01,1134.0,20,0,0,78,28,8,30,40
2014-02-02,1095.0,0,0,0,89,11,25,330,72
2014-02-03,2290.0,0,0,0,50,0,43,350,98
2014-02-04,2091.0,0,0,0,28,-21,47,80,89
2014-02-05,2588.0,0,0,0,-5,-55,66,80,103
2014-02-06,1562.0,0,0,0,-16,-60,45,70,81
2014-02-07,1572.0,0,0,0,33,-49,42,10,98
2014-02-08,795.0,51,74,0,56,-5,46,110,116
2014-02-09,221.0,5,0,80,39,0,24,150,58
2014-02-10,1428.0,183,0,0,100,22,47,210,103
2014-02-11,2024.0,170,0,0,122,56,38,160,94
2014-02-12,2139.0,46,0,0,122,72,64,220,157
2014-02-13,2389.0,18,0,0,128,78,63,220,125
2014-02-14,1786.0,94,0,0,117,61,64,200,112
2014-02-15,658.0,117,0,0,111,50,51,210,161
2014-02-16,485.0,264,0,0,94,39,79,230,130
2014-02-17,1028.0,145,0,0,83,44,55,220,103
2014-02-18,1525.0,152,0,0,89,50,62,220,143
2014-02-19,2167.0,10,0,0,83,39,60,210,94
2014-02-20,2214.0,30,0,0,100,56,69,220,134
2014-02-21,1889.0,28,0,0,67,39,29,240,67
2014-02-22,624.0,25,0,0,56,28,31,160,58
2014-02-23,691.0,61,0,0,72,39,26,170,58
2014-02-24,1557.0,130,0,0,67,33,32,10,54
2014-02-25,2563.0,3,0,0,122,39,45,10,72
2014-02-26,2960.0,0,0,0,139,56,25,30,54
2014-02-27,2721.0,0,0,0,128,44,23,10,63
2014-02-28,2829.0,0,0,0,144,44,59,20,107
2014-03-01,989.0,5,0,0,72,44,47,110,76
2014-03-02,431.0,191,0,0,111,28,57,210,107
2014-03-03,1720.0,107,0,0,144,89,51,200,89
2014-03-04,2053.0,165,0,0,139,78,39,200,89
2014-03-05,1874.0,467,0,0,156,106,39,190,112
2014-03-06,1801.0,30,0,0,133,100,62,220,125
2014-03-07,2560.0,0,0,0,156,89,42,220,94
2014-03-08,726.0,323,0,0,128,67,27,200,76
2014-03-09,1142.0,43,0,0,150,94,43,210,76
2014-03-10,2145.0,188,0,0,122,61,22,210,54
2014-03-11,3416.0,0,0,0,144,44,23,20,54
2014-03-12,3665.0,0,0,0,161,33,19,10,67
2014-03-13,3313.0,5,0,0,139,50,25,230,58
2014-03-14,2216.0,69,0,0,144,83,61,220,107
2014-03-15,1177.0,81,0,0,167,44,30,200,76
2014-03-16,375.0,277,0,0,106,44,38,230,76
2014-03-17,2809.0,3,0,0,100,28,32,190,89
2014-03-18,2802.0,0,0,0,100,33,16,140,45
2014-03-19,2192.0,5,0,0,111,33,51,200,107
2014-03-20,2691.0,0,0,0,111,17,30,30,72
2014-03-21,2652.0,0,0,0,106,28,38,340,67
2014-03-22,1504.0,0,0,0,111,11,18,330,40
2014-03-23,1963.0,0,0,0,128,44,33,30,49
2014-03-24,3636.0,0,0,0,189,28,22,160,40
2014-03-25,2087.0,41,0,0,139,67,44,200,134
2014-03-26,2346.0,36,0,0,111,56,24,190,54
2014-03-27,2357.0,3,0,0,122,67,28,320,103
2014-03-28,1525.0,221,0,0,117,72,39,240,89
2014-03-29,571.0,140,0,0,117,72,51,190,94
2014-03-30,1320.0,0,0,0,111,50,51,190,103
2014-03-31,3436.0,0,0,0,156,22,38,360,72
2014-04-01,3791.0,0,0,0,144,67,28,20,58
2014-04-02,3672.0,0,0,0,144,56,42,210,72
2014-04-03,2623.0,25,0,0,133,61,39,220,89
2014-04-04,2817.0,0,0,0,128,61,47,210,89
2014-04-05,1044.0,46,0,0,117,78,43,210,98
2014-04-06,1543.0,0,0,0,139,83,26,220,72
2014-04-07,4319.0,0,0,0,211,94,25,200,63
2014-04-08,2806.0,46,0,0,156,83,42,40,81
2014-04-09,3828.0,0,0,0,144,67,29,30,67
2014-04-10,3940.0,0,0,0,150,67,36,30,63
2014-04-11,3435.0,0,0,0,172,50,28,30,72
2014-04-12,2185.0,0,0,0,161,78,44,360,67
2014-04-13,2647.0,0,0,0,206,56,31,300,67
2014-04-14,4006.0,0,0,0,200,56,26,220,76
2014-04-15,3206.0,5,0,0,144,78,40,210,76
2014-04-16,2133.0,109,0,0,111,89,46,190,72
2014-04-17,1750.0,185,0,0,117,72,47,220,103
2014-04-18,2930.0,0,0,0,144,56,38,210,76
2014-04-19,906.0,137,0,0,117,56,47,210,103
2014-04-20,1734.0,0,0,0,156,56,27,200,94
2014-04-21,3401.0,51,0,0,172,78,25,340,63
2014-04-22,2423.0,142,0,0,122,50,42,260,98
2014-04-23,2832.0,89,0,0,117,61,50,280,81
2014-04-24,2511.0,124,0,0,139,61,53,200,116
2014-04-25,3194.0,0,0,0,144,56,23,320,63
2014-04-26,2049.0,33,0,0,150,56,39,190,63
2014-04-27,1402.0,69,0,0,111,61,58,200,98
2014-04-28,3758.0,0,0,0,161,44,26,280,58
2014-04-29,4803.0,0,0,0,250,94,23,100,67
2014-04-30,5167.0,0,0,0,278,94,39,350,76
2014-05-01,5937.0,0,0,0,294,111,30,240,58
2014-05-02,4608.0,0,0,0,183,106,47,220,81
2014-05-03,1157.0,333,0,0,150,89,34,210,98
2014-05-04,620.0,160,0,0,144,89,42,190,89
2014-05-05,3301.0,51,0,0,156,94,38,220,72
2014-05-06,4636.0,0,0,0,167,83,26,220,58
2014-05-07,5455.0,0,0,0,183,72,17,240,58
2014-05-08,3230.0,137,0,0,139,94,34,200,89
2014-05-09,3036.0,20,0,0,133,72,56,210,98
2014-05-10,1725.0,5,0,0,156,72,21,270,40
2014-05-11,2376.0,0,0,0,189,83,17,200,116
2014-05-12,5432.0,0,0,0,244,94,27,320,54
2014-05-13,6088.0,0,0,0,267,128,38,350,67
2014-05-14,5887.0,0,0,0,278,133,33,350,67
2014-05-15,5300.0,0,0,0,267,128,30,240,89
2014-05-16,5742.0,0,0,0,200,117,41,220,72
2014-05-17,2041.0,0,0,0,200,117,32,190,63
2014-05-18,1937.0,0,0,0,200,106,32,210,112
2014-05-19,4702.0,0,0,0,211,100,22,340,63
2014-05-20,5678.0,0,0,0,222,100,27,300,58
2014-05-21,5229.0,0,0,0,200,106,17,250,40
2014-05-22,4910.0,0,0,0,244,117,25,300,67
2014-05-23,2556.0,38,0,0,200,128,40,220,81
2014-05-24,2155.0,0,0,0,183,111,24,230,54
2014-05-25,1234.0,56,0,0,150,106,14,230,45
2014-05-26,2289.0,0,0,0,183,111,45,210,94
2014-05-27,5032.0,0,0,0,200,100,25,280,58
2014-05-28,4008.0,0,0,0,189,100,34,210,76
2014-05-29,4587.0,0,0,0,189,111,43,180,81
2014-05-30,4869.0,0,0,0,206,89,45,340,89
2014-05-31,2887.0,0,0,0,233,100,22,200,54
2014-06-01,2601.0,0,0,0,222,106,23,250,45
2014-06-02,4914.0,0,0,0,233,111,24,210,58
2014-06-03,4670.0,0,0,0,183,111,32,220,63
2014-06-04,4863.0,0,0,0,194,100,26,260,54
2014-06-05,4675.0,0,0,0,222,100,24,350,45
2014-06-06,4382.0,0,0,0,250,106,32,40,94
2014-06-07,2807.0,0,0,0,244,133,31,300,67
2014-06-08,3547.0,0,0,0,233,122,21,50,58
2014-06-09,4128.0,0,0,0,211,133,36,30,72
2014-06-10,4530.0,0,0,0,200,122,29,40,67
2014-06-11,5196.0,0,0,0,239,111,27,290,63
2014-06-12,4077.0,18,0,0,217,122,40,240,103
2014-06-13,2266.0,64,0,0,156,111,50,220,98
2014-06-14,1773.0,0,0,0,178,117,32,190,76
2014-06-15,1267.0,5,0,0,183,100,36,50,98
2014-06-16,3361.0,36,-9999,0,178,89,24,210,58
2014-06-17,4107.0,13,0,0,178,100,30,230,54
2014-06-18,4650.0,0,0,0,189,111,27,210,54
2014-06-19,4412.0,8,0,0,256,117,37,240,81
2014-06-20,3790.0,3,0,0,200,100,34,30,76
2014-06-21,3204.0,0,0,0,222,106,36,20,67
2014-06-22,2714.0,0,0,0,250,111,27,20,58
2014-06-23,4477.0,0,0,0,250,133,25,250,63
2014-06-24,4342.0,0,0,0,244,144,25,190,58
2014-06-25,4532.0,0,0,0,261,139,24,360,63
2014-06-26,3857.0,0,0,0,211,144,41,230,76
2014-06-27,2871.0,18,0,0,211,139,45,240,98
2014-06-28,1780.0,23,0,0,200,133,43,220,76
2014-06-29,2312.0,0,0,0,206,128,32,210,72
2014-06-30,4802.0,0,0,0,256,128,44,330,67
2014-07-01,5147.0,0,0,0,344,156,35,350,67
2014-07-02,4742.0,0,0,0,272,144,36,210,72
2014-07-03,3759.0,0,0,0,217,139,31,230,54
2014-07-04,3284.0,0,0,0,239,139,36,340,63
2014-07-05,1976.0,0,0,0,244,133,22,200,63
2014-07-06,2882.0,0,0,0,289,150,30,340,76
2014-07-07,4456.0,0,0,0,272,178,41,340,67
2014-07-08,5215.0,0,0,0,300,156,35,350,72
2014-07-09,5135.0,0,0,0,267,139,23,250,67
2014-07-10,4800.0,0,0,0,289,128,22,10,40
2014-07-11,4168.0,0,0,0,311,150,22,35,49
2014-07-12,2480.0,0,0,0,322,167,22,20,54
2014-07-13,2298.0,0,0,0,294,150,26,360,76
2014-07-14,4411.0,0,0,0,278,150,28,250,45
2014-07-15,4941.0,0,0,0,311,139,23,360,67
2014-07-16,5009.0,0,0,0,311,144,24,200,58
2014-07-17,4535.0,0,0,0,267,139,37,280,81
2014-07-18,4135.0,0,0,0,239,117,28,260,63
2014-07-19,2120.0,0,0,0,256,150,54,220,125
2014-07-20,1535.0,0,0,0,194,144,28,320,89
2014-07-21,4525.0,0,0,0,239,133,22,260,54
2014-07-22,4778.0,3,0,0,211,133,11,200,40
2014-07-23,1989.0,193,0,0,189,133,33,150,63
2014-07-24,3002.0,0,0,0,206,128,47,210,89
2014-07-25,4072.0,0,0,0,228,122,27,20,58
2014-07-26,2710.0,0,0,0,261,133,36,20,72
2014-07-27,2627.0,0,0,0,283,150,41,350,67
2014-07-28,4796.0,0,0,0,306,150,37,40,67
2014-07-29,5248.0,0,0,0,300,156,28,10,76
2014-07-30,5059.0,0,0,0,294,144,34,40,76
2014-07-31,4835.0,0,0,0,306,178,41,40,67
2014-08-01,4106.0,0,0,0,289,150,33,30,98
2014-08-02,2110.0,5,0,0,294,156,17,20,45
2014-08-03,2517.0,0,0,0,317,144,26,360,54
2014-08-04,4690.0,0,0,0,328,161,26,350,58
2014-08-05,4819.0,0,0,0,250,139,27,240,58
2014-08-06,4778.0,0,0,0,261,150,22,250,45
2014-08-07,4553.0,0,0,0,256,133,24,190,40
2014-08-08,3956.0,0,0,0,256,133,29,40,76
2014-08-09,2429.0,0,0,0,272,156,41,40,72
2014-08-10,2550.0,0,0,0,306,139,34,360,63
2014-08-11,4325.0,5,0,0,356,178,26,70,81
2014-08-12,3767.0,127,0,0,272,172,31,60,81
2014-08-13,3286.0,216,0,0,233,150,27,200,63
2014-08-14,4029.0,0,0,0,211,172,6,330,31
2014-08-15,3122.0,10,0,0,244,167,15,280,40
2014-08-16,2384.0,0,0,0,256,156,22,290,67
2014-08-17,2446.0,0,0,0,278,150,28,360,58
2014-08-18,4636.0,0,0,0,294,156,33,340,67
2014-08-19,4934.0,0,0,0,272,156,24,210,72
2014-08-20,4189.0,0,0,0,217,139,36,230,58
2014-08-21,4324.0,0,0,0,211,111,17,220,45
2014-08-22,3835.0,0,0,0,239,133,29,330,72
2014-08-23,2430.0,0,0,0,278,139,20,280,54
2014-08-24,2419.0,0,0,0,250,133,23,10,45
2014-08-25,4983.0,0,0,0,289,144,20,360,67
2014-08-26,5551.0,0,0,0,311,156,18,20,45
2014-08-27,5046.0,0,0,0,289,161,16,30,54
2014-08-28,4409.0,0,0,0,233,144,23,180,54
2014-08-29,3188.0,0,0,0,228,150,34,210,72
2014-08-30,859.0,84,0,0,178,150,22,120,58
2014-08-31,1820.0,13,0,0,211,139,19,210,45
2014-09-01,2356.0,0,0,0,233,128,25,260,54
2014-09-02,3493.0,30,0,0,200,139,43,210,103
2014-09-03,4121.0,0,0,0,206,128,27,230,67
2014-09-04,4940.0,0,0,0,239,111,31,350,63
2014-09-05,4187.0,0,0,0,278,139,65,20,98
2014-09-06,2400.0,0,0,0,322,150,29,10,54
2014-09-07,2214.0,0,0,0,283,133,21,210,54
2014-09-08,3809.0,0,0,0,211,133,28,230,58
2014-09-09,3988.0,0,0,0,217,133,23,240,45
2014-09-10,4015.0,0,0,0,222,122,39,350,89
2014-09-11,4042.0,0,0,0,244,128,53,70,94
2014-09-12,3903.0,0,0,0,244,128,59,340,89
2014-09-13,2367.0,0,0,0,283,100,42,20,81
2014-09-14,2181.0,0,0,0,300,117,18,20,58
2014-09-15,4450.0,0,0,0,306,122,12,290,40
2014-09-16,4338.0,0,0,0,222,139,28,210,67
2014-09-17,3725.0,5,0,0,228,144,23,350,76
2014-09-18,3272.0,3,0,0,194,150,31,210,67
2014-09-19,3734.0,0,0,0,239,161,28,220,58
2014-09-20,2225.0,0,0,0,244,144,44,10,81
2014-09-21,2217.0,0,0,0,261,128,30,220,72
2014-09-22,3786.0,3,0,0,222,150,21,230,54
2014-09-23,3416.0,183,0,0,189,144,25,70,58
2014-09-24,2166.0,203,0,0,189,144,27,140,72
2014-09-25,2962.0,43,0,0,217,144,25,240,89
2014-09-26,2511.0,89,0,0,200,139,33,140,72
2014-09-27,2325.0,0,0,0,206,117,32,340,63
2014-09-28,1818.0,0,0,0,189,122,20,280,40
2014-09-29,3035.0,8,0,0,167,111,35,170,63
2014-09-30,3562.0,0,0,0,194,122,26,30,54
2014-10-01,3837.0,0,0,0,183,111,21,50,54
2014-10-02,3896.0,0,0,0,194,100,20,300,54
2014-10-03,3709.0,0,0,0,222,89,10,290,36
2014-10-04,1940.0,0,0,0,217,122,12,310,36
2014-10-05,2162.0,0,0,0,239,117,14,20,40
2014-10-06,4074.0,0,0,0,256,133,25,10,63
2014-10-07,3864.0,0,0,0,189,139,10,20,40
2014-10-08,3780.0,0,0,0,206,128,18,310,40
2014-10-09,3663.0,0,0,0,172,111,10,290,40
2014-10-10,2957.0,3,0,0,183,100,38,200,72
2014-10-11,1131.0,74,0,0,183,117,35,210,112
2014-10-12,1559.0,0,0,0,178,117,21,250,45
2014-10-13,3355.0,76,0,0,211,100,31,210,81
2014-10-14,3197.0,71,0,0,167,117,22,140,58
2014-10-15,2555.0,86,0,0,161,117,47,200,103
2014-10-16,3629.0,0,0,0,206,111,33,120,76
2014-10-17,2209.0,33,0,0,167,117,30,120,76
2014-10-18,1378.0,150,0,0,194,139,19,140,54
2014-10-19,2248.0,0,0,0,222,128,32,210,89
2014-10-20,2858.0,117,0,0,161,122,31,190,49
2014-10-21,2964.0,10,0,0,161,117,47,180,81
2014-10-22,2087.0,320,0,0,156,117,50,200,81
2014-10-23,2381.0,94,0,0,144,83,46,270,103
2014-10-24,2778.0,41,0,0,144,89,32,360,63
2014-10-25,740.0,61,0,0,167,83,54,200,165
2014-10-26,916.0,15,0,0,128,78,50,210,98
2014-10-27,3330.0,8,0,0,156,67,24,190,76
2014-10-28,2261.0,127,0,0,150,94,39,190,76
2014-10-29,3396.0,5,0,0,167,117,31,180,76
2014-10-30,2392.0,254,0,0,156,111,32,100,72
2014-10-31,1938.0,170,0,0,128,83,20,230,45
2014-11-01,1294.0,0,0,0,111,72,12,120,31
2014-11-02,1072.0,18,0,0,133,72,29,180,58
2014-11-03,2503.0,109,0,0,139,111,48,170,89
2014-11-04,2790.0,41,0,0,144,106,33,200,94
2014-11-05,2772.0,48,0,0,150,106,21,100,45
2014-11-06,2248.0,41,0,0,167,106,67,210,148
2014-11-07,3078.0,0,0,0,144,72,23,350,45
2014-11-08,1854.0,0,0,0,128,39,8,150,31
2014-11-09,752.0,51,0,0,133,78,30,30,81
2014-11-10,3254.0,0,0,0,111,56,39,20,67
2014-11-11,2791.0,0,0,0,78,11,77,100,139
2014-11-12,2742.0,0,0,0,67,0,76,80,130
2014-11-13,2616.0,0,0,0,72,6,47,110,94
2014-11-14,2177.0,0,0,0,72,-21,45,10,76
2014-11-15,1083.0,0,0,0,83,-16,42,90,134
2014-11-16,1004.0,0,0,0,94,-21,42,10,76
2014-11-17,2698.0,0,0,0,106,-21,19,230,81
2014-11-18,2833.0,0,0,0,72,-5,9,20,45
2014-11-19,2835.0,0,0,0,111,22,19,10,45
2014-11-20,2725.0,36,0,0,111,56,21,100,54
2014-11-21,1758.0,152,0,0,111,83,47,210,125
2014-11-22,1054.0,5,0,0,94,67,47,210,125
2014-11-23,787.0,119,0,0,128,56,51,220,112
2014-11-24,2418.0,13,0,0,117,44,38,190,107
2014-11-25,1951.0,183,0,0,139,94,45,210,112
2014-11-26,2239.0,3,0,0,150,122,39,210,89
2014-11-27,500.0,33,0,0,144,117,66,190,125
2014-11-28,324.0,343,0,0,128,33,58,10,103
2014-11-29,345.0,36,20,0,44,-43,53,360,139
2014-11-30,493.0,0,0,0,28,-49,44,10,72
2014-12-01,1809.0,0,0,0,44,-32,22,30,45
2014-12-02,2139.0,0,0,0,56,-32,57,20,103
2014-12-03,2294.0,0,0,0,100,0,36,210,125
2014-12-04,2096.0,8,0,0,83,39,11,110,45
2014-12-05,1928.0,30,0,0,128,67,31,110,81
2014-12-06,902.0,74,0,0,117,78,36,200,72
2014-12-07,1194.0,0,0,0,144,61,28,130,89
2014-12-08,2389.0,91,0,0,144,89,42,100,76
2014-12-09,2119.0,99,0,0,161,106,51,160,103
2014-12-10,1957.0,130,0,0,189,100,67,170,157
2014-12-11,1621.0,69,0,0,144,83,64,190,161
2014-12-12,2301.0,0,0,0,111,72,37,190,116
2014-12-13,1203.0,0,0,0,100,39,11,180,36
2014-12-14,1232.0,0,0,0,128,17,35,110,98
2014-12-15,2283.0,0,0,0,122,67,59,120,98
2014-12-16,2424.0,0,-9999,0,100,83,40,110,67
2014-12-17,1979.0,28,0,0,89,61,16,100,54
2014-12-18,1941.0,130,0,0,94,67,31,120,67
2014-12-19,1870.0,30,0,0,111,72,43,200,81
2014-12-20,404.0,196,0,0,128,67,55,220,125
2014-12-21,844.0,0,0,0,128,100,52,230,107
2014-12-22,2256.0,0,0,0,106,61,15,220,58
2014-12-23,1400.0,206,0,0,122,50,38,40,103
2014-12-24,813.0,53,0,0,72,39,18,170,40
2014-12-25,451.0,0,0,0,78,28,22,130,45
2014-12-26,999.0,0,0,0,56,17,12,160,45
2014-12-27,543.0,33,0,0,94,44,49,210,112
2014-12-28,644.0,41,0,0,67,28,18,50,58
2014-12-29,1641.0,0,0,0,61,6,43,350,76
2014-12-30,1500.0,0,0,0,33,-21,36,90,63
2014-12-31,1331.0,0,0,0,33,-27,30,30,58
2015-01-01,711.0,0,0,0,56,-32,12,60,40
2015-01-02,1214.0,15,0,0,56,0,23,180,94
2015-01-03,817.0,0,0,0,50,17,17,80,36
2015-01-04,339.0,102,0,0,106,33,45,190,112
2015-01-05,1823.0,81,0,0,122,94,64,200,116
2015-01-06,2725.0,0,0,0,122,61,13,140,45
2015-01-07,2825.0,0,0,0,78,56,16,20,45
2015-01-08,2610.0,0,0,0,78,17,26,10,58
2015-01-09,2490.0,3,0,0,100,33,6,130,31
2015-01-10,771.0,58,0,0,78,61,5,120,31
2015-01-11,810.0,15,0,0,94,72,11,110,36
2015-01-12,2670.0,0,0,0,111,44,16,90,40
2015-01-13,2766.0,0,0,0,94,28,27,20,58
2015-01-14,2623.0,0,0,0,61,6,28,120,58
2015-01-15,1898.0,97,0,0,78,11,32,120,89
2015-01-16,2142.0,0,0,0,117,56,45,200,94
2015-01-17,592.0,262,0,0,133,33,28,180,103
2015-01-18,471.0,213,0,0,139,72,66,220,179
2015-01-19,1982.0,5,0,0,100,61,28,190,67
2015-01-20,2927.0,0,0,0,100,33,30,20,63
2015-01-21,2552.0,0,0,0,72,-5,13,30,40
2015-01-22,2183.0,8,0,0,94,61,13,120,45
2015-01-23,1777.0,58,0,0,122,83,26,210,76
2015-01-24,1163.0,5,0,0,144,111,33,210,72
2015-01-25,2155.0,0,0,0,172,72,14,190,40
2015-01-26,3159.0,0,0,0,161,61,22,110,63
2015-01-27,2563.0,8,0,0,111,83,20,210,54
2015-01-28,2963.0,0,0,0,122,50,18,20,45
2015-01-29,3061.0,0,0,0,122,33,29,20,54
2015-01-30,2612.0,0,0,0,83,11,8,260,36
2015-01-31,1236.0,0,0,0,72,33,19,20,54
2015-02-01,708.0,15,0,0,94,44,26,140,72
2015-02-02,1904.0,74,0,0,111,50,40,220,143
2015-02-03,2334.0,13,0,0,100,56,19,140,45
2015-02-04,2251.0,84,0,0,106,44,17,120,67
2015-02-05,1694.0,262,0,0,133,83,46,180,72
2015-02-06,1611.0,173,0,0,144,100,45,220,94
2015-02-07,629.0,236,0,0,122,94,46,210,107
2015-02-08,1522.0,36,0,0,150,83,39,120,103
2015-02-09,2104.0,61,0,0,133,83,25,190,67
2015-02-10,2516.0,3,0,0,128,83,40,190,76
2015-02-11,2808.0,0,0,0,128,56,10,130,40
2015-02-12,2697.0,10,0,0,167,94,21,210,40
2015-02-13,2459.0,0,0,0,156,67,17,130,67
2015-02-14,1465.0,3,0,0,144,67,29,20,58
2015-02-15,1836.0,0,0,0,122,39,48,10,76
2015-02-16,2211.0,0,0,0,150,56,66,20,103
2015-02-17,2919.0,0,0,0,161,44,40,20,76
2015-02-18,2927.0,0,0,0,122,44,26,200,54
2015-02-19,2221.0,46,0,0,106,83,22,210,63
2015-02-20,2017.0,8,0,0,111,72,9,20,63
2015-02-21,1651.0,0,0,0,122,56,45,20,76
2015-02-22,1820.0,0,0,0,117,33,42,10,72
2015-02-23,2881.0,0,0,0,128,6,14,20,54
2015-02-24,3066.0,0,0,0,111,22,15,220,45
2015-02-25,2396.0,41,0,0,100,67,10,140,40
2015-02-26,2256.0,94,0,0,117,78,14,110,45
2015-02-27,1738.0,183,0,0,100,67,40,20,81
2015-02-28,2018.0,0,0,0,122,33,51,350,89
2015-03-01,1772.0,0,0,0,111,11,22,20,67
2015-03-02,2574.0,0,0,0,111,44,48,10,89
2015-03-03,2945.0,0,0,0,106,0,21,290,58
2015-03-04,2829.0,0,0,0,128,-5,18,40,40
2015-03-05,2749.0,0,0,0,133,28,13,40,36
2015-03-06,2802.0,0,0,0,150,33,14,10,36
2015-03-07,2281.0,0,0,0,167,39,27,350,63
2015-03-08,2106.0,0,0,0,172,39,17,290,40
2015-03-09,2833.0,0,0,0,144,44,18,210,54
2015-03-10,2855.0,8,0,0,133,50,26,210,63
2015-03-11,2050.0,25,0,0,144,89,31,210,58
2015-03-12,2914.0,0,0,0,178,94,32,190,76
2015-03-13,2969.0,20,0,0,172,78,22,10,58
2015-03-14,875.0,170,0,0,139,94,38,200,94
2015-03-15,239.0,559,0,0,106,61,42,200,139
2015-03-16,2624.0,10,0,0,139,61,30,350,67
2015-03-17,2299.0,8,0,0,133,44,26,160,67
2015-03-18,2873.0,0,0,0,156,72,25,120,45
2015-03-19,2710.0,0,0,0,156,83,19,130,45
2015-03-20,2014.0,41,0,0,139,89,19,80,45
2015-03-21,1379.0,38,0,0,133,83,47,200,103
2015-03-22,1057.0,10,0,0,117,61,23,100,67
2015-03-23,2029.0,81,0,0,111,56,28,220,89
2015-03-24,2250.0,76,0,0,128,61,39,210,89
2015-03-25,2040.0,51,0,0,144,72,44,200,76
2015-03-26,3496.0,0,0,0,206,100,22,200,58
2015-03-27,3015.0,10,0,0,183,89,40,220,98
2015-03-28,1796.0,0,0,0,156,94,57,220,107
2015-03-29,1408.0,0,0,0,156,89,30,220,63
2015-03-30,3339.0,18,0,0,178,106,29,220,58
2015-03-31,2022.0,10,0,0,128,61,42,220,112
2015-04-01,2427.0,51,0,0,128,56,32,210,89
2015-04-02,2828.0,0,0,0,133,56,24,250,45
2015-04-03,2611.0,15,0,0,111,50,36,190,89
2015-04-04,1987.0,0,0,0,128,39,17,200,54
2015-04-05,1729.0,0,0,0,167,28,24,10,40
2015-04-06,2955.0,10,0,0,139,67,35,180,63
2015-04-07,3048.0,5,0,0,144,67,39,10,72
2015-04-08,3351.0,0,0,0,172,61,17,290,72
2015-04-09,3670.0,0,0,0,172,61,23,110,76
2015-04-10,2219.0,109,0,0,139,78,46,230,103
2015-04-11,1264.0,0,0,0,117,56,65,200,112
2015-04-12,1701.0,0,0,0,133,56,36,210,72
2015-04-13,2158.0,140,0,0,117,39,36,190,94
2015-04-14,2424.0,33,0,0,117,28,33,200,72
2015-04-15,3697.0,0,0,0,139,33,24,320,54
2015-04-16,4002.0,0,0,0,178,39,31,340,67
2015-04-17,3454.0,0,0,0,189,61,36,10,94
2015-04-18,2401.0,0,0,0,189,83,39,360,72
2015-04-19,2775.0,0,0,0,211,83,36,350,67
2015-04-20,4556.0,0,0,0,228,78,26,50,72
2015-04-21,3243.0,56,0,0,172,67,34,40,94
2015-04-22,3351.0,0,0,0,156,50,23,210,58
2015-04-23,2458.0,30,0,0,122,67,41,220,76
2015-04-24,2276.0,33,0,0,122,61,50,220,98
2015-04-25,1616.0,13,0,0,133,56,30,290,63
2015-04-26,1566.0,0,0,0,156,44,27,180,58
2015-04-27,4140.0,3,0,0,250,106,23,130,58
2015-04-28,2745.0,18,0,0,156,89,43,30,89
2015-04-29,3437.0,0,0,0,161,72,47,220,81
2015-04-30,3608.0,0,0,0,172,78,21,30,54
2015-05-01,4224.0,0,0,0,183,89,37,40,76
2015-05-02,2215.0,0,0,0,183,78,37,360,72
2015-05-03,2235.0,0,0,0,206,78,26,290,54
2015-05-04,4520.0,0,0,0,172,72,52,220,103
2015-05-05,2605.0,61,0,0,144,72,51,30,94
2015-05-06,4231.0,0,0,0,167,72,26,10,81
2015-05-07,4916.0,0,0,0,206,61,30,350,72
2015-05-08,4452.0,0,0,0,239,83,30,350,72
2015-05-09,2753.0,0,0,0,267,94,26,50,54
2015-05-10,1958.0,0,0,0,194,111,28,220,63
2015-05-11,3676.0,0,0,0,139,100,25,190,45
2015-05-12,3653.0,43,0,0,156,106,33,190,67
2015-05-13,2707.0,41,0,0,122,100,28,200,63
2015-05-14,3811.0,3,0,0,178,94,20,10,45
2015-05-15,5053.0,0,0,0,200,94,28,240,63
2015-05-16,1655.0,0,0,0,156,111,30,220,58
2015-05-17,2011.0,0,0,0,194,106,21,20,45
2015-05-18,4845.0,0,0,0,256,122,30,350,63
2015-05-19,4872.0,0,0,0,217,117,26,210,40
2015-05-20,4580.0,0,0,0,233,106,18,350,45
2015-05-21,4768.0,0,0,0,256,117,21,200,63
2015-05-22,3668.0,0,0,0,167,117,37,200,63
2015-05-23,1580.0,0,0,0,161,117,26,220,40
2015-05-24,1776.0,0,0,0,178,111,27,260,54
2015-05-25,1737.0,0,0,0,156,111,27,210,58
2015-05-26,4254.0,0,0,0,217,117,21,280,58
2015-05-27,4771.0,0,0,0,244,117,18,290,54
2015-05-28,5142.0,0,0,0,278,122,21,20,58
2015-05-29,4548.0,0,0,0,261,128,25,210,54
2015-05-30,2308.0,0,0,0,228,100,25,210,58
2015-05-31,2251.0,0,0,0,250,117,22,10,63
2015-06-01,2989.0,46,0,0,161,117,34,210,72
2015-06-02,3078.0,5,0,0,178,128,50,190,89
2015-06-03,3658.0,0,0,0,200,117,30,20,63
2015-06-04,4637.0,0,0,0,228,117,39,340,67
2015-06-05,4333.0,0,0,0,267,128,43,340,98
2015-06-06,2475.0,0,0,0,294,133,26,360,72
2015-06-07,2487.0,0,0,0,311,156,32,360,67
2015-06-08,4475.0,0,0,0,306,144,35,20,72
2015-06-09,4935.0,0,0,0,289,144,27,340,67
2015-06-10,4977.0,0,0,0,256,111,30,200,58
2015-06-11,4719.0,0,0,0,244,111,35,50,94
2015-06-12,3769.0,0,0,0,200,117,23,60,72
2015-06-13,2688.0,0,0,0,239,94,26,360,54
2015-06-14,2556.0,0,0,0,278,117,37,40,67
2015-06-15,4581.0,0,0,0,300,161,35,30,63
2015-06-16,4551.0,0,0,0,228,111,30,210,58
2015-06-17,4711.0,0,0,0,250,111,31,20,63
2015-06-18,4284.0,0,0,0,244,139,30,20,72
2015-06-19,3417.0,5,0,0,239,133,32,20,72
2015-06-20,2323.0,0,0,0,250,128,43,10,94
2015-06-21,2170.0,0,0,0,256,139,34,10,67
2015-06-22,4456.0,0,0,0,250,128,24,210,58
2015-06-23,4998.0,0,0,0,261,117,24,40,67
2015-06-24,4725.0,0,0,0,256,161,26,10,54
2015-06-25,4709.0,0,0,0,306,156,30,20,58
2015-06-26,3869.0,0,0,0,317,178,47,10,76
2015-06-27,2210.0,0,0,0,333,172,39,340,76
2015-06-28,2101.0,3,0,0,283,183,21,190,81
2015-06-29,4181.0,0,0,0,289,172,27,280,54
2015-06-30,4655.0,0,0,0,306,150,34,40,94
2015-07-01,4651.0,0,0,0,322,172,43,20,67
2015-07-02,3937.0,0,0,0,339,178,34,340,72
2015-07-03,2313.0,0,0,0,333,178,26,300,58
2015-07-04,2443.0,0,0,0,333,150,29,330,67
2015-07-05,1919.0,0,0,0,328,167,21,350,58
2015-07-06,4066.0,0,0,0,294,156,32,220,67
2015-07-07,4635.0,0,0,0,272,139,24,290,54
2015-07-08,4761.0,0,0,0,300,144,19,290,58
2015-07-09,4479.0,0,0,0,289,144,34,200,63
2015-07-10,3772.0,0,0,0,211,167,37,220,63
2015-07-11,2053.0,0,0,0,222,167,30,240,63
2015-07-12,2037.0,0,0,0,261,167,22,240,54
2015-07-13,4069.0,0,0,0,256,161,31,360,72
2015-07-14,4795.0,0,0,0,278,161,33,290,63
2015-07-15,4686.0,0,0,0,261,144,32,10,72
2015-07-16,4424.0,0,0,0,261,150,28,60,58
2015-07-17,3813.0,0,0,0,278,139,33,340,81
2015-07-18,2195.0,0,0,0,333,178,34,340,67
2015-07-19,1963.0,0,0,0,350,172,33,230,72
2015-07-20,4213.0,0,0,0,267,167,39,200,76
2015-07-21,4268.0,0,0,0,239,150,24,30,63
2015-07-22,4648.0,0,0,0,239,139,28,250,58
2015-07-23,4359.0,0,0,0,261,144,19,180,58
2015-07-24,3628.0,3,0,0,228,133,38,230,76
2015-07-25,1384.0,0,0,0,211,144,24,240,58
2015-07-26,1452.0,20,0,0,222,139,26,310,67
2015-07-27,4102.0,0,0,0,233,122,19,270,54
2015-07-28,4715.0,0,0,0,278,139,34,40,67
2015-07-29,4734.0,0,0,0,322,144,38,350,72
2015-07-30,4379.0,0,0,0,344,172,35,20,67
2015-07-31,3887.0,0,0,0,344,178,26,10,58
2015-08-01,2219.0,0,0,0,333,156,31,350,67
2015-08-02,1883.0,0,0,0,306,161,20,30,72
2015-08-03,4243.0,0,0,0,283,172,23,190,45
2015-08-04,4655.0,0,0,0,261,144,26,240,58
2015-08-05,4108.0,0,0,0,233,122,35,10,89
2015-08-06,4295.0,0,0,0,250,150,29,290,67
2015-08-07,4100.0,0,0,0,283,156,37,280,67
2015-08-08,2014.0,0,0,0,250,156,36,230,72
2015-08-09,2945.0,0,0,0,283,150,22,350,40
2015-08-10,3898.0,0,0,0,289,161,24,330,54
2015-08-11,4530.0,0,0,0,300,167,44,360,89
2015-08-12,4403.0,76,0,0,283,167,27,160,76
2015-08-13,4428.0,0,0,0,283,156,22,220,40
2015-08-14,2062.0,305,0,0,183,150,52,220,94
2015-08-15,1702.0,0,0,0,217,139,37,190,67
2015-08-16,2333.0,0,0,0,250,144,37,360,72
2015-08-17,4319.0,0,0,0,272,139,30,350,76
2015-08-18,4508.0,0,0,0,300,150,30,340,63
2015-08-19,4548.0,0,0,0,317,161,21,20,54
2015-08-20,3846.0,20,0,0,228,144,42,270,67
2015-08-21,3606.0,0,0,0,222,144,26,200,58
2015-08-22,2090.0,0,0,0,267,122,25,20,63
2015-08-23,2016.0,0,0,0,278,139,18,10,67
2015-08-24,4072.0,0,0,0,239,122,23,190,54
2015-08-25,4473.0,0,0,0,256,122,34,350,63
2015-08-26,4331.0,0,0,0,283,139,17,30,58
2015-08-27,4336.0,0,0,0,294,144,21,230,45
2015-08-28,2653.0,5,0,0,233,156,26,230,81
2015-08-29,699.0,325,0,0,222,133,58,210,157
2015-08-30,1213.0,102,0,0,200,128,47,200,89
2015-08-31,2823.0,0,0,0,189,161,58,210,112
2015-09-01,2876.0,58,0,0,194,139,-9999,-9999,-9999
